Datetime,Water Level (m)
2025-08-15 18:00:00,0.38067573
2025-08-15 19:00:00,0.79947656
2025-08-15 20:00:00,1.1383469
2025-08-15 21:00:00,1.3309941
2025-08-15 22:00:00,1.3076829
2025-08-15 23:00:00,1.0468884
2025-08-16 00:00:00,0.66841984
2025-08-16 01:00:00,0.3153757
2025-08-16 02:00:00,0.04996452
2025-08-16 03:00:00,-0.14263809
2025-08-16 04:00:00,-0.1992512
2025-08-16 05:00:00,0.03302828
2025-08-16 06:00:00,0.45352387
2025-08-16 07:00:00,0.8271915
2025-08-16 08:00:00,1.0779308
2025-08-16 09:00:00,1.1837913
2025-08-16 10:00:00,1.0941982
2025-08-16 11:00:00,0.8526793
2025-08-16 12:00:00,0.5415381
2025-08-16 13:00:00,0.24608426
2025-08-16 14:00:00,0.0076471693
2025-08-16 15:00:00,-0.18821886
2025-08-16 16:00:00,-0.30408192
2025-08-16 17:00:00,-0.28126416
2025-08-16 18:00:00,0.045665618
2025-08-16 19:00:00,0.4823542
2025-08-16 20:00:00,0.85362196
2025-08-16 21:00:00,1.1095533
2025-08-16 22:00:00,1.263475
2025-08-16 23:00:00,1.22624
2025-08-17 00:00:00,1.022889
2025-08-17 01:00:00,0.73085266
2025-08-17 02:00:00,0.4697312
2025-08-17 03:00:00,0.27816716
2025-08-17 04:00:00,0.14107029
2025-08-17 05:00:00,0.08696833
2025-08-17 06:00:00,0.16720358
2025-08-17 07:00:00,0.40622425
2025-08-17 08:00:00,0.70887315
2025-08-17 09:00:00,0.96015835
2025-08-17 10:00:00,1.0865408
2025-08-17 11:00:00,1.0650948
2025-08-17 12:00:00,0.89946365
2025-08-17 13:00:00,0.6740339
2025-08-17 14:00:00,0.44433457
2025-08-17 15:00:00,0.23187521
2025-08-17 16:00:00,0.05378025
2025-08-17 17:00:00,-0.05672304
2025-08-17 18:00:00,-0.05086448
2025-08-17 19:00:00,0.1476092
2025-08-17 20:00:00,0.48186922
2025-08-17 21:00:00,0.8333114
2025-08-17 22:00:00,1.0917029
2025-08-17 23:00:00,1.2634073
2025-08-18 00:00:00,1.2999094
2025-08-18 01:00:00,1.1988407
2025-08-18 02:00:00,0.9846423
2025-08-18 03:00:00,0.7651649
2025-08-18 04:00:00,0.5664009
2025-08-18 05:00:00,0.39338836
2025-08-18 06:00:00,0.26873085
2025-08-18 07:00:00,0.2318211
2025-08-18 08:00:00,0.34176725
2025-08-18 09:00:00,0.5622661
2025-08-18 10:00:00,0.8354099
2025-08-18 11:00:00,1.0483048
2025-08-18 12:00:00,1.1362413
2025-08-18 13:00:00,1.0806013
2025-08-18 14:00:00,0.92582464
2025-08-18 15:00:00,0.732022
2025-08-18 16:00:00,0.5175583
2025-08-18 17:00:00,0.31828696
2025-08-18 18:00:00,0.15394112
2025-08-18 19:00:00,0.08003704
2025-08-18 20:00:00,0.1505591
2025-08-18 21:00:00,0.4013103
2025-08-18 22:00:00,0.79367197
2025-08-18 23:00:00,1.1298652
2025-08-19 00:00:00,1.3841311
2025-08-19 01:00:00,1.4985077
2025-08-19 02:00:00,1.4586943
2025-08-19 03:00:00,1.2750286
2025-08-19 04:00:00,0.999357
2025-08-19 05:00:00,0.7370074
2025-08-19 06:00:00,0.5001718
2025-08-19 07:00:00,0.3191928
2025-08-19 08:00:00,0.21301383
2025-08-19 09:00:00,0.23743452
2025-08-19 10:00:00,0.44162327
2025-08-19 11:00:00,0.76314056
2025-08-19 12:00:00,1.0390185
2025-08-19 13:00:00,1.1940261
2025-08-19 14:00:00,1.2109219
2025-08-19 15:00:00,1.0705426
2025-08-19 16:00:00,0.8232687
2025-08-19 17:00:00,0.5617385
2025-08-19 18:00:00,0.31084713
2025-08-19 19:00:00,0.10254477
2025-08-19 20:00:00,-0.02082172
2025-08-19 21:00:00,-0.016722107
2025-08-19 22:00:00,0.23623104
2025-08-19 23:00:00,0.67668355
2025-08-20 00:00:00,1.1046833
2025-08-20 01:00:00,1.4109966
2025-08-20 02:00:00,1.5808707
2025-08-20 03:00:00,1.5604314
2025-08-20 04:00:00,1.3499023
2025-08-20 05:00:00,1.0113577
2025-08-20 06:00:00,0.6953763
2025-08-20 07:00:00,0.4126231
2025-08-20 08:00:00,0.16903861
2025-08-20 09:00:00,0.0066998345
2025-08-20 10:00:00,-0.02738161
2025-08-20 11:00:00,0.21313125
2025-08-20 12:00:00,0.6444072
2025-08-20 13:00:00,1.0486145
2025-08-20 14:00:00,1.2865865
2025-08-20 15:00:00,1.3607019
2025-08-20 16:00:00,1.2095559
2025-08-20 17:00:00,0.87831897
2025-08-20 18:00:00,0.5378232
2025-08-20 19:00:00,0.22475673
2025-08-20 20:00:00,-0.021520602
2025-08-20 21:00:00,-0.20171316
2025-08-20 22:00:00,-0.23396236
2025-08-20 23:00:00,0.060880333
2025-08-21 00:00:00,0.5646781
2025-08-21 01:00:00,1.0502365
2025-08-21 02:00:00,1.4266096
2025-08-21 03:00:00,1.6376357
2025-08-21 04:00:00,1.6125616
2025-08-21 05:00:00,1.3481591
2025-08-21 06:00:00,0.93052685
2025-08-21 07:00:00,0.54958
2025-08-21 08:00:00,0.21911955
2025-08-21 09:00:00,-0.02880362
2025-08-21 10:00:00,-0.20925955
2025-08-21 11:00:00,-0.22155426
2025-08-21 12:00:00,0.15875575
2025-08-21 13:00:00,0.6788743
2025-08-21 14:00:00,1.0994673
2025-08-21 15:00:00,1.3686923
2025-08-21 16:00:00,1.4461964
2025-08-21 17:00:00,1.2450944
2025-08-21 18:00:00,0.8618667
